"ZIP","LocationID","City","State","County","Population","Pop015","Pop1525","Pop2540","Pop50"
90001,162,"Los Angeles","CA","Los Angeles County","45624",0.29,0.36,0.27,0.08
90002,264,"Los Angeles","CA","Los Angeles County","38545",0.19,0.48,0.33,0
90003,112,"Los Angeles","CA","Los Angeles County","50694",0.17,0.42,0.33,0.08
90004,133,"Los Angeles","CA","Los Angeles County","48321",0.26,0.38,0.14,0.22
90005,560,"Los Angeles","CA","Los Angeles County","25196",0.15,0.4,0.25,0.2
90006,236,"Los Angeles","CA","Los Angeles County","39848",0.08,0.3,0.45,0.17
90011,11,"Los Angeles","CA","Los Angeles County","79469",0.21,0.35,0.26,0.18
90016,238,"Los Angeles","CA","Los Angeles County","39726",0.24,0.36,0.18,0.22
90018,260,"Los Angeles","CA","Los Angeles County","38849",0.18,0.36,0.39,0.07
90019,123,"Los Angeles","CA","Los Angeles County","49430",0.26,0.39,0.2,0.15
90020,488,"Los Angeles","CA","Los Angeles County","27911",0.12,0.43,0.27,0.18
90022,64,"Los Angeles","CA","Los Angeles County","56755",0.25,0.28,0.3,0.17
90023,276,"Los Angeles","CA","Los Angeles County","38061",0.21,0.26,0.39,0.14
90025,289,"Los Angeles","CA","Los Angeles County","37172",0.19,0.36,0.29,0.16
90026,91,"Los Angeles","CA","Los Angeles County","52678",0.26,0.32,0.23,0.19
90027,322,"Los Angeles","CA","Los Angeles County","35296",0.14,0.36,0.38,0.12
90029,446,"Los Angeles","CA","Los Angeles County","29702",0.1,0.41,0.21,0.28
90031,398,"Los Angeles","CA","Los Angeles County","31171",0.09,0.35,0.36,0.2
90032,256,"Los Angeles","CA","Los Angeles County","39065",0.21,0.46,0.13,0.2
90033,310,"Los Angeles","CA","Los Angeles County","36107",0.14,0.48,0.17,0.21
90034,150,"Los Angeles","CA","Los Angeles County","46783",0.11,0.41,0.37,0.11
90036,480,"Los Angeles","CA","Los Angeles County","28135",0.07,0.34,0.4,0.19
90037,167,"Los Angeles","CA","Los Angeles County","45161",0.14,0.4,0.38,0.08
90039,551,"Los Angeles","CA","Los Angeles County","25511",0.28,0.29,0.33,0.1
90042,95,"Los Angeles","CA","Los Angeles County","52279",0.21,0.34,0.22,0.23
90043,295,"Los Angeles","CA","Los Angeles County","36952",0.09,0.42,0.33,0.16
90044,27,"Los Angeles","CA","Los Angeles County","68666",0.27,0.37,0.27,0.09
90045,386,"Los Angeles","CA","Los Angeles County","31846",0.06,0.4,0.26,0.28
90046,332,"Los Angeles","CA","Los Angeles County","34964",0.06,0.48,0.23,0.23
90047,201,"Los Angeles","CA","Los Angeles County","42193",0.21,0.29,0.31,0.19
90049,405,"Los Angeles","CA","Los Angeles County","30971",0.09,0.41,0.31,0.19
90057,557,"Los Angeles","CA","Los Angeles County","25327",0.18,0.41,0.32,0.09
90059,410,"Los Angeles","CA","Los Angeles County","30891",0.13,0.4,0.33,0.14
90062,544,"Los Angeles","CA","Los Angeles County","25773",0.18,0.31,0.37,0.14
90063,170,"Los Angeles","CA","Los Angeles County","45041",0.19,0.38,0.3,0.13
90064,593,"Los Angeles","CA","Los Angeles County","24113",0.16,0.49,0.19,0.16
90065,230,"Los Angeles","CA","Los Angeles County","40100",0.16,0.3,0.41,0.13
90066,144,"Los Angeles","CA","Los Angeles County","47001",0.29,0.45,0.16,0.1
90201,4,"Bell Gardens","CA","Los Angeles County","85916",0.16,0.32,0.38,0.14
90220,199,"Compton","CA","Los Angeles County","42468",0.18,0.35,0.45,0.02
90221,169,"Compton","CA","Los Angeles County","45086",0.24,0.41,0.24,0.11
90222,536,"Compton","CA","Los Angeles County","26204",0.12,0.37,0.38,0.13
90230,490,"Culver City","CA","Los Angeles County","27789",0.11,0.32,0.37,0.2
90241,273,"Downey","CA","Los Angeles County","38110",0.24,0.38,0.27,0.11
90242,286,"Downey","CA","Los Angeles County","37360",0.26,0.26,0.35,0.13
90247,204,"Gardena","CA","Los Angeles County","42096",0.26,0.36,0.22,0.16
90249,563,"Gardena","CA","Los Angeles County","25103",0.05,0.43,0.37,0.15
90250,9,"Hawthorne","CA","Los Angeles County","80909",0.23,0.36,0.33,0.08
90255,26,"Huntington Park","CA","Los Angeles County","69140",0.2,0.28,0.32,0.2
90260,436,"Lawndale","CA","Los Angeles County","30019",0.09,0.43,0.3,0.18
90262,52,"Lynwood","CA","Los Angeles County","60297",0.14,0.48,0.3,0.08
90266,349,"Manhattan Beach","CA","Los Angeles County","33870",0.05,0.42,0.35,0.18
90274,510,"Palos Verdes Peninsula","CA","Los Angeles County","27345",0.25,0.47,0.22,0.06
90275,217,"Rancho Palos Verdes","CA","Los Angeles County","41117",0.21,0.38,0.2,0.21
90277,385,"Redondo Beach","CA","Los Angeles County","31847",0.2,0.3,0.21,0.29
90278,309,"Redondo Beach","CA","Los Angeles County","36126",0.15,0.4,0.22,0.23
90280,2,"South Gate","CA","Los Angeles County","87540",0.2,0.26,0.42,0.12
90301,392,"Inglewood","CA","Los Angeles County","31505",0.14,0.42,0.19,0.25
90302,575,"Inglewood","CA","Los Angeles County","24750",0.1,0.41,0.27,0.22
90304,554,"Inglewood","CA","Los Angeles County","25406",0.07,0.35,0.35,0.23
90501,285,"Torrance","CA","Los Angeles County","37515",0.18,0.38,0.34,0.1
90503,223,"Torrance","CA","Los Angeles County","40569",0.19,0.43,0.24,0.14
90504,406,"Torrance","CA","Los Angeles County","30955",0.17,0.44,0.31,0.08
90505,328,"Torrance","CA","Los Angeles County","35130",0.06,0.34,0.3,0.3
90601,476,"Whittier","CA","Los Angeles County","28300",0.05,0.36,0.32,0.27
90604,325,"Whittier","CA","Los Angeles County","35179",0.05,0.44,0.32,0.19
90605,287,"Whittier","CA","Los Angeles County","37303",0.17,0.32,0.23,0.28
90606,442,"Whittier","CA","Los Angeles County","29818",0.13,0.42,0.34,0.11
90620,196,"Buena Park","CA","Orange County","42604",0.18,0.42,0.33,0.07
90621,432,"Buena Park","CA","Orange County","30173",0.09,0.24,0.39,0.28
90630,146,"Cypress","CA","Orange County","46923",0.15,0.46,0.24,0.15
90631,43,"La Habra","CA","Orange County","61495",0.17,0.27,0.33,0.23
90638,179,"La Mirada","CA","Los Angeles County","43959",0.23,0.32,0.26,0.19
90640,77,"Montebello","CA","Los Angeles County","54639",0.22,0.31,0.34,0.13
90650,1,"Norwalk","CA","Los Angeles County","96410",0.14,0.3,0.34,0.22
90660,57,"Pico Rivera","CA","Los Angeles County","58453",0.17,0.38,0.25,0.2
90680,525,"Stanton","CA","Orange County","26785",0.1,0.4,0.23,0.27
90703,97,"Cerritos","CA","Los Angeles County","51994",0.21,0.29,0.31,0.19
90706,30,"Bellflower","CA","Los Angeles County","65089",0.17,0.24,0.36,0.23
90712,440,"Lakewood","CA","Los Angeles County","29843",0.11,0.44,0.23,0.22
90713,516,"Lakewood","CA","Los Angeles County","27153",0.06,0.37,0.34,0.23
90723,124,"Paramount","CA","Los Angeles County","49299",0.16,0.52,0.26,0.06
90731,151,"San Pedro","CA","Los Angeles County","46774",0.17,0.41,0.36,0.06
90744,142,"Wilmington","CA","Los Angeles County","47073",0.25,0.39,0.19,0.17
90745,71,"Carson","CA","Los Angeles County","55170",0.29,0.27,0.34,0.1
90746,577,"Carson","CA","Los Angeles County","24599",0.25,0.3,0.34,0.11
90802,515,"Long Beach","CA","Los Angeles County","27222",0.1,0.4,0.32,0.18
90803,522,"Long Beach","CA","Los Angeles County","26984",0.1,0.35,0.31,0.24
90804,401,"Long Beach","CA","Los Angeles County","31078",0.16,0.31,0.48,0.05
90805,8,"Long Beach","CA","Los Angeles County","81211",0.19,0.27,0.46,0.08
90806,304,"Long Beach","CA","Los Angeles County","36453",0.17,0.32,0.38,0.13
90807,452,"Long Beach","CA","Los Angeles County","29374",0.13,0.43,0.26,0.18
90808,292,"Long Beach","CA","Los Angeles County","37031",0.17,0.25,0.38,0.2
90810,326,"Long Beach","CA","Los Angeles County","35136",0.17,0.43,0.31,0.09
90813,192,"Long Beach","CA","Los Angeles County","43056",0.11,0.51,0.25,0.13
90815,343,"Long Beach","CA","Los Angeles County","34091",0.08,0.33,0.46,0.13
91001,372,"Altadena","CA","Los Angeles County","32598",0.13,0.3,0.39,0.18
91006,380,"Arcadia","CA","Los Angeles County","32085",0.09,0.44,0.24,0.23
91007,430,"Arcadia","CA","Los Angeles County","30229",0.17,0.46,0.3,0.07
91010,558,"Duarte","CA","Los Angeles County","25275",0.07,0.37,0.43,0.13
91016,323,"Monrovia","CA","Los Angeles County","35268",0.05,0.32,0.54,0.09
91104,408,"Pasadena","CA","Los Angeles County","30938",0.14,0.37,0.34,0.15
91107,439,"Pasadena","CA","Los Angeles County","29898",0.09,0.34,0.32,0.25
91205,438,"Glendale","CA","Los Angeles County","29988",0.1,0.44,0.35,0.11
91206,513,"Glendale","CA","Los Angeles County","27257",0.15,0.38,0.36,0.11
91214,449,"La Crescenta","CA","Los Angeles County","29577",0.09,0.4,0.26,0.25
91301,530,"Agoura Hills","CA","Los Angeles County","26447",0.17,0.3,0.37,0.16
91302,556,"Calabasas","CA","Los Angeles County","25359",0.09,0.44,0.36,0.11
91304,193,"Canoga Park","CA","Los Angeles County","42874",0.18,0.29,0.37,0.16
91306,270,"Winnetka","CA","Los Angeles County","38217",0.17,0.33,0.29,0.21
91311,356,"Chatsworth","CA","Los Angeles County","33337",0.11,0.43,0.24,0.22
91320,180,"Newbury Park","CA","Ventura County","43893",0.24,0.39,0.21,0.16
91321,487,"Newhall","CA","Los Angeles County","27923",0.25,0.32,0.35,0.08
91325,519,"Northridge","CA","Los Angeles County","27105",0.09,0.43,0.33,0.15
91326,404,"Porter Ranch","CA","Los Angeles County","30978",0.11,0.32,0.34,0.23
91331,3,"Pacoima","CA","Los Angeles County","86700",0.22,0.28,0.34,0.16
91335,49,"Reseda","CA","Los Angeles County","60531",0.17,0.43,0.33,0.07
91340,431,"San Fernando","CA","Los Angeles County","30191",0.14,0.42,0.32,0.12
91342,16,"Sylmar","CA","Los Angeles County","77346",0.25,0.43,0.25,0.07
91343,139,"North Hills","CA","Los Angeles County","47425",0.23,0.29,0.29,0.19
91344,143,"Granada Hills","CA","Los Angeles County","47029",0.17,0.36,0.33,0.14
91350,411,"Santa Clarita","CA","Los Angeles County","30819",0.13,0.39,0.36,0.12
91351,403,"Canyon Country","CA","Los Angeles County","31029",0.06,0.41,0.4,0.13
91352,218,"Sun Valley","CA","Los Angeles County","41087",0.25,0.44,0.18,0.13
91354,549,"Valencia","CA","Los Angeles County","25573",0.06,0.25,0.36,0.33
91355,454,"Valencia","CA","Los Angeles County","29324",0.11,0.48,0.2,0.21
91356,555,"Tarzana","CA","Los Angeles County","25380",0.12,0.45,0.3,0.13
91360,229,"Thousand Oaks","CA","Ventura County","40154",0.15,0.42,0.39,0.04
91362,316,"Thousand Oaks","CA","Ventura County","35855",0.08,0.42,0.25,0.25
91367,379,"Woodland Hills","CA","Los Angeles County","32094",0.13,0.49,0.29,0.09
91387,345,"Canyon Country","CA","Los Angeles County","33921",0.13,0.26,0.57,0.04
91401,381,"Van Nuys","CA","Los Angeles County","32072",0.14,0.34,0.35,0.17
91402,83,"Panorama City","CA","Los Angeles County","53526",0.26,0.3,0.24,0.2
91405,243,"Van Nuys","CA","Los Angeles County","39405",0.14,0.41,0.28,0.17
91406,207,"Van Nuys","CA","Los Angeles County","42022",0.23,0.34,0.2,0.23
91423,548,"Sherman Oaks","CA","Los Angeles County","25746",0.15,0.3,0.26,0.29
91505,500,"Burbank","CA","Los Angeles County","27626",0.15,0.25,0.41,0.19
91601,512,"North Hollywood","CA","Los Angeles County","27284",0.15,0.49,0.31,0.05
91605,152,"North Hollywood","CA","Los Angeles County","46752",0.06,0.52,0.31,0.11
91606,300,"North Hollywood","CA","Los Angeles County","36625",0.15,0.33,0.45,0.07
91701,250,"Rancho Cucamonga","CA","San Bernardino County","39251",0.21,0.32,0.27,0.2
91702,109,"Azusa","CA","Los Angeles County","51024",0.2,0.46,0.19,0.15
91706,23,"Baldwin Park","CA","Los Angeles County","70601",0.19,0.34,0.33,0.14
91709,17,"Chino Hills","CA","San Bernardino County","74528",0.33,0.29,0.31,0.07
91710,29,"Chino","CA","San Bernardino County","66234",0.22,0.37,0.27,0.14
91711,418,"Claremont","CA","Los Angeles County","30549",0.1,0.46,0.39,0.05
91722,370,"Covina","CA","Los Angeles County","32717",0.35,0.25,0.34,0.06
91724,592,"Covina","CA","Los Angeles County","24160",0.09,0.39,0.34,0.18
91730,81,"Rancho Cucamonga","CA","San Bernardino County","53760",0.15,0.44,0.25,0.16
91732,93,"El Monte","CA","Los Angeles County","52470",0.25,0.35,0.2,0.2
91733,283,"South El Monte","CA","Los Angeles County","37675",0.24,0.4,0.29,0.07
91739,494,"Rancho Cucamonga","CA","San Bernardino County","27748",0.15,0.39,0.29,0.17
91740,597,"Glendora","CA","Los Angeles County","23977",0.17,0.5,0.36,-0.03
91741,576,"Glendora","CA","Los Angeles County","24705",0.18,0.28,0.38,0.16
91744,15,"La Puente","CA","Los Angeles County","77447",0.29,0.29,0.24,0.18
91745,99,"Hacienda Heights","CA","Los Angeles County","51729",0.16,0.43,0.25,0.16
91746,472,"La Puente","CA","Los Angeles County","28689",0.12,0.48,0.36,0.04
91748,184,"Rowland Heights","CA","Los Angeles County","43702",0.29,0.32,0.31,0.08
91750,387,"La Verne","CA","Los Angeles County","31768",0.07,0.28,0.35,0.3
91752,595,"Mira Loma","CA","Riverside County","24021",0.06,0.38,0.44,0.12
91754,402,"Monterey Park","CA","Los Angeles County","31078",0.14,0.27,0.3,0.29
91761,78,"Ontario","CA","San Bernardino County","54539",0.28,0.31,0.3,0.11
91762,98,"Ontario","CA","San Bernardino County","51740",0.23,0.34,0.37,0.06
91763,383,"Montclair","CA","San Bernardino County","31947",0.07,0.47,0.21,0.25
91764,165,"Ontario","CA","San Bernardino County","45296",0.25,0.32,0.3,0.13
91765,132,"Diamond Bar","CA","Los Angeles County","48578",0.11,0.42,0.38,0.09
91766,39,"Pomona","CA","Los Angeles County","62388",0.36,0.23,0.27,0.14
91767,214,"Pomona","CA","Los Angeles County","41298",0.15,0.44,0.32,0.09
91768,495,"Pomona","CA","Los Angeles County","27741",0.03,0.36,0.26,0.35
91770,66,"Rosemead","CA","Los Angeles County","56530",0.23,0.35,0.2,0.22
91773,377,"San Dimas","CA","Los Angeles County","32178",0.16,0.31,0.5,0.03
91776,363,"San Gabriel","CA","Los Angeles County","33076",0.09,0.41,0.28,0.22
91780,364,"Temple City","CA","Los Angeles County","33012",0.07,0.44,0.32,0.17
91784,535,"Upland","CA","San Bernardino County","26225",0.18,0.3,0.43,0.09
91786,195,"Upland","CA","San Bernardino County","42772",0.2,0.29,0.27,0.24
91789,189,"Walnut","CA","Los Angeles County","43184",0.16,0.31,0.44,0.09
91790,232,"West Covina","CA","Los Angeles County","40051",0.2,0.42,0.35,0.03
91791,441,"West Covina","CA","Los Angeles County","29838",0.15,0.37,0.35,0.13
91792,481,"West Covina","CA","Los Angeles County","28124",0.09,0.4,0.3,0.21
91801,158,"Alhambra","CA","Los Angeles County","46282",0.18,0.46,0.25,0.11
91803,502,"Alhambra","CA","Los Angeles County","27599",0.08,0.38,0.41,0.13
91910,24,"Chula Vista","CA","San Diego County","69192",0.14,0.42,0.28,0.16
91911,12,"Chula Vista","CA","San Diego County","77875",0.32,0.25,0.3,0.13
91913,324,"Chula Vista","CA","San Diego County","35250",0.16,0.36,0.33,0.15
91941,259,"La Mesa","CA","San Diego County","38928",0.29,0.45,0.2,0.06
91950,136,"National City","CA","San Diego County","47708",0.07,0.58,0.28,0.07
91977,107,"Spring Valley","CA","San Diego County","51309",0.15,0.56,0.21,0.08
92008,569,"Carlsbad","CA","San Diego County","24884",0.16,0.27,0.36,0.21
92009,291,"Carlsbad","CA","San Diego County","37036",0.27,0.35,0.3,0.08
92019,279,"El Cajon","CA","San Diego County","38023",0.18,0.47,0.27,0.08
92020,177,"El Cajon","CA","San Diego County","44171",0.26,0.4,0.21,0.13
92021,76,"El Cajon","CA","San Diego County","54814",0.26,0.3,0.28,0.16
92024,173,"Encinitas","CA","San Diego County","44657",0.17,0.33,0.34,0.16
92025,282,"Escondido","CA","San Diego County","37858",0.18,0.46,0.38,-0.02
92026,208,"Escondido","CA","San Diego County","41751",0.29,0.28,0.25,0.18
92027,166,"Escondido","CA","San Diego County","45198",0.19,0.38,0.31,0.12
92028,216,"Fallbrook","CA","San Diego County","41168",0.23,0.32,0.28,0.17
92037,357,"La Jolla","CA","San Diego County","33301",0.07,0.26,0.39,0.28
92040,290,"Lakeside","CA","San Diego County","37066",0.21,0.35,0.21,0.23
92054,36,"Oceanside","CA","San Diego County","64212",0.2,0.36,0.36,0.08
92056,134,"Oceanside","CA","San Diego County","48106",0.26,0.48,0.12,0.14
92057,118,"Oceanside","CA","San Diego County","50108",0.22,0.29,0.32,0.17
92064,140,"Poway","CA","San Diego County","47240",0.21,0.33,0.27,0.19
92065,347,"Ramona","CA","San Diego County","33897",0.09,0.32,0.53,0.06
92069,234,"San Marcos","CA","San Diego County","39979",0.17,0.47,0.37,-0.01
92071,145,"Santee","CA","San Diego County","46930",0.21,0.42,0.17,0.2
92078,389,"San Marcos","CA","San Diego County","31760",0.17,0.38,0.4,0.05
92083,423,"Vista","CA","San Diego County","30413",0.05,0.43,0.31,0.21
92084,245,"Vista","CA","San Diego County","39339",0.24,0.37,0.32,0.07
92102,354,"San Diego","CA","San Diego County","33456",0.18,0.37,0.31,0.14
92103,589,"San Diego","CA","San Diego County","24218",0.25,0.37,0.24,0.14
92104,346,"San Diego","CA","San Diego County","33918",0.08,0.4,0.36,0.16
92105,87,"San Diego","CA","San Diego County","53020",0.22,0.29,0.38,0.11
92109,350,"San Diego","CA","San Diego County","33870",0.08,0.47,0.33,0.12
92111,281,"San Diego","CA","San Diego County","37912",0.13,0.47,0.27,0.13
92113,268,"San Diego","CA","San Diego County","38340",0.17,0.4,0.29,0.14
92114,53,"San Diego","CA","San Diego County","59702",0.24,0.34,0.32,0.1
92115,251,"San Diego","CA","San Diego County","39241",0.13,0.41,0.38,0.08
92116,559,"San Diego","CA","San Diego County","25241",0.25,0.3,0.35,0.1
92117,182,"San Diego","CA","San Diego County","43766",0.14,0.48,0.32,0.06
92120,600,"San Diego","CA","San Diego County","23818",0.06,0.43,0.33,0.18
92122,450,"San Diego","CA","San Diego County","29539",0.17,0.46,0.4,-0.03
92124,491,"San Diego","CA","San Diego County","27783",0.05,0.39,0.43,0.13
92126,35,"San Diego","CA","San Diego County","64251",0.21,0.22,0.39,0.18
92127,443,"San Diego","CA","San Diego County","29815",0.05,0.43,0.44,0.08
92128,183,"San Diego","CA","San Diego County","43719",0.2,0.34,0.36,0.1
92129,105,"San Diego","CA","San Diego County","51624",0.22,0.41,0.21,0.16
92130,188,"San Diego","CA","San Diego County","43193",0.23,0.37,0.22,0.18
92131,359,"San Diego","CA","San Diego County","33219",0.11,0.31,0.38,0.2
92139,353,"San Diego","CA","San Diego County","33646",0.18,0.32,0.32,0.18
92154,10,"San Diego","CA","San Diego County","80358",0.25,0.3,0.3,0.15
92173,156,"San Ysidro","CA","San Diego County","46367",0.09,0.45,0.31,0.15
92201,106,"Indio","CA","Riverside County","51423",0.2,0.4,0.3,0.1
92220,541,"Banning","CA","Riverside County","25960",0.11,0.4,0.32,0.17
92223,469,"Beaumont","CA","Riverside County","28784",0.13,0.33,0.41,0.13
92231,74,"Calexico","CA","Imperial County","54934",0.13,0.32,0.32,0.23
92234,240,"Cathedral City","CA","Riverside County","39609",0.2,0.32,0.34,0.14
92236,373,"Coachella","CA","Riverside County","32502",0.16,0.37,0.33,0.14
92240,565,"Desert Hot Springs","CA","Riverside County","24991",0.27,0.37,0.26,0.1
92243,205,"El Centro","CA","Imperial County","42086",0.2,0.31,0.43,0.06
92253,458,"La Quinta","CA","Riverside County","29184",0.07,0.28,0.35,0.3
92307,341,"Apple Valley","CA","San Bernardino County","34266",0.36,0.23,0.35,0.06
92308,420,"Apple Valley","CA","San Bernardino County","30484",0.13,0.38,0.3,0.19
92311,546,"Barstow","CA","San Bernardino County","25765",0.07,0.45,0.31,0.17
92316,475,"Bloomington","CA","San Bernardino County","28308",0.12,0.41,0.34,0.13
92324,111,"Colton","CA","San Bernardino County","50748",0.2,0.39,0.19,0.22
92335,5,"Fontana","CA","San Bernardino County","82569",0.26,0.36,0.24,0.14
92336,13,"Fontana","CA","San Bernardino County","77592",0.24,0.35,0.28,0.13
92337,337,"Fontana","CA","San Bernardino County","34642",0.08,0.47,0.2,0.25
92345,31,"Hesperia","CA","San Bernardino County","65019",0.23,0.35,0.3,0.12
92346,128,"Highland","CA","San Bernardino County","48978",0.14,0.47,0.33,0.06
92373,455,"Redlands","CA","San Bernardino County","29311",0.05,0.38,0.28,0.29
92374,335,"Redlands","CA","San Bernardino County","34752",0.18,0.41,0.29,0.12
92376,22,"Rialto","CA","San Bernardino County","70686",0.26,0.44,0.24,0.06
92392,181,"Victorville","CA","San Bernardino County","43799",0.14,0.49,0.29,0.08
92395,447,"Victorville","CA","San Bernardino County","29671",0.15,0.35,0.32,0.18
92399,168,"Yucaipa","CA","San Bernardino County","45088",0.18,0.34,0.26,0.22
92404,141,"San Bernardino","CA","San Bernardino County","47075",0.16,0.41,0.26,0.17
92405,568,"San Bernardino","CA","San Bernardino County","24912",0.11,0.45,0.45,-0.01
92407,174,"San Bernardino","CA","San Bernardino County","44594",0.12,0.4,0.38,0.1
92410,249,"San Bernardino","CA","San Bernardino County","39252",0.24,0.41,0.28,0.07
92503,21,"Riverside","CA","Riverside County","71856",0.27,0.36,0.24,0.13
92504,163,"Riverside","CA","Riverside County","45623",0.19,0.32,0.33,0.16
92505,248,"Riverside","CA","Riverside County","39258",0.28,0.28,0.2,0.24
92506,220,"Riverside","CA","Riverside County","40935",0.29,0.27,0.26,0.18
92507,278,"Riverside","CA","Riverside County","38043",0.13,0.29,0.36,0.22
92508,425,"Riverside","CA","Riverside County","30337",0.07,0.36,0.37,0.2
92509,34,"Riverside","CA","Riverside County","64867",0.21,0.4,0.31,0.08
92530,237,"Lake Elsinore","CA","Riverside County","39728",0.21,0.44,0.13,0.22
92543,583,"Hemet","CA","Riverside County","24499",0.07,0.3,0.35,0.28
92544,277,"Hemet","CA","Riverside County","38056",0.18,0.4,0.29,0.13
92545,426,"Hemet","CA","Riverside County","30325",0.15,0.49,0.38,-0.02
92551,518,"Moreno Valley","CA","Riverside County","27118",0.14,0.28,0.33,0.25
92553,50,"Moreno Valley","CA","Riverside County","60407",0.29,0.2,0.29,0.22
92555,457,"Moreno Valley","CA","Riverside County","29265",0.16,0.27,0.42,0.15
92557,161,"Moreno Valley","CA","Riverside County","45832",0.21,0.38,0.23,0.18
92562,84,"Murrieta","CA","Riverside County","53431",0.25,0.41,0.28,0.06
92563,137,"Murrieta","CA","Riverside County","47530",0.15,0.38,0.29,0.18
92570,233,"Perris","CA","Riverside County","40040",0.31,0.37,0.25,0.07
92571,263,"Perris","CA","Riverside County","38765",0.15,0.48,0.31,0.06
92584,422,"Menifee","CA","Riverside County","30426",0.16,0.36,0.3,0.18
92591,366,"Temecula","CA","Riverside County","32958",0.14,0.38,0.3,0.18
92592,51,"Temecula","CA","Riverside County","60345",0.17,0.4,0.36,0.07
92595,572,"Wildomar","CA","Riverside County","24808",0.15,0.32,0.41,0.12
92604,545,"Irvine","CA","Orange County","25768",0.05,0.27,0.28,0.4
92620,384,"Irvine","CA","Orange County","31881",0.11,0.36,0.38,0.15
92626,219,"Costa Mesa","CA","Orange County","41047",0.25,0.38,0.29,0.08
92627,122,"Costa Mesa","CA","Orange County","49674",0.3,0.38,0.18,0.14
92629,567,"Dana Point","CA","Orange County","24939",0.26,0.24,0.39,0.11
92630,65,"Lake Forest","CA","Orange County","56565",0.21,0.35,0.3,0.14
92646,88,"Huntington Beach","CA","Orange County","52992",0.27,0.32,0.27,0.14
92647,101,"Huntington Beach","CA","Orange County","51717",0.11,0.48,0.23,0.18
92648,227,"Huntington Beach","CA","Orange County","40257",0.16,0.29,0.45,0.1
92649,417,"Huntington Beach","CA","Orange County","30609",0.08,0.46,0.27,0.19
92653,428,"Laguna Hills","CA","Orange County","30278",0.08,0.33,0.24,0.35
92656,187,"Aliso Viejo","CA","Orange County","43215",0.18,0.34,0.38,0.1
92660,416,"Newport Beach","CA","Orange County","30639",0.07,0.34,0.3,0.29
92672,361,"San Clemente","CA","Orange County","33138",0.16,0.45,0.24,0.15
92673,524,"San Clemente","CA","Orange County","26823",0.09,0.35,0.28,0.28
92675,382,"San Juan Capistrano","CA","Orange County","32052",0.14,0.3,0.59,-0.03
92677,48,"Laguna Niguel","CA","Orange County","60596",0.15,0.4,0.3,0.15
92679,344,"Trabuco Canyon","CA","Orange County","33960",0.1,0.32,0.37,0.21
92683,7,"Westminster","CA","Orange County","81643",0.12,0.38,0.37,0.13
92688,206,"Rancho Santa Margarita","CA","Orange County","42026",0.31,0.41,0.12,0.16
92691,157,"Mission Viejo","CA","Orange County","46325",0.2,0.33,0.37,0.1
92692,148,"Mission Viejo","CA","Orange County","46866",0.22,0.42,0.3,0.06
92701,171,"Santa Ana","CA","Orange County","44743",0.29,0.38,0.17,0.16
92703,46,"Santa Ana","CA","Orange County","60877",0.28,0.25,0.33,0.14
92704,6,"Santa Ana","CA","Orange County","82135",0.21,0.27,0.39,0.13
92705,203,"Santa Ana","CA","Orange County","42157",0.23,0.39,0.3,0.08
92706,355,"Santa Ana","CA","Orange County","33358",0.16,0.45,0.24,0.15
92707,54,"Santa Ana","CA","Orange County","59663",0.23,0.33,0.27,0.17
92708,85,"Fountain Valley","CA","Orange County","53324",0.28,0.26,0.23,0.23
92780,127,"Tustin","CA","Orange County","48992",0.1,0.38,0.35,0.17
92801,82,"Anaheim","CA","Orange County","53556",0.21,0.4,0.26,0.13
92802,308,"Anaheim","CA","Orange County","36175",0.11,0.36,0.4,0.13
92804,20,"Anaheim","CA","Orange County","72507",0.22,0.4,0.24,0.14
92805,45,"Anaheim","CA","Orange County","61203",0.21,0.27,0.39,0.13
92806,378,"Anaheim","CA","Orange County","32108",0.14,0.39,0.47,0
92807,313,"Anaheim","CA","Orange County","35923",0.18,0.37,0.29,0.16
92821,358,"Brea","CA","Orange County","33234",0.09,0.43,0.29,0.19
92831,479,"Fullerton","CA","Orange County","28199",0.25,0.39,0.23,0.13
92833,153,"Fullerton","CA","Orange County","46751",0.23,0.33,0.37,0.07
92840,155,"Garden Grove","CA","Orange County","46464",0.22,0.31,0.31,0.16
92841,482,"Garden Grove","CA","Orange County","28034",0.25,0.36,0.26,0.13
92843,231,"Garden Grove","CA","Orange County","40067",0.12,0.4,0.33,0.15
92867,253,"Orange","CA","Orange County","39161",0.17,0.29,0.48,0.06
92869,321,"Orange","CA","Orange County","35366",0.17,0.32,0.32,0.19
92870,149,"Placentia","CA","Orange County","46792",0.1,0.52,0.31,0.07
92879,209,"Corona","CA","Riverside County","41608",0.24,0.35,0.26,0.15
92880,228,"Corona","CA","Riverside County","40234",0.22,0.32,0.22,0.24
92881,471,"Corona","CA","Riverside County","28727",0.17,0.35,0.27,0.21
92882,47,"Corona","CA","Riverside County","60821",0.18,0.29,0.34,0.19
92883,585,"Corona","CA","Riverside County","24419",0.11,0.36,0.27,0.26
92886,172,"Yorba Linda","CA","Orange County","44738",0.17,0.42,0.28,0.13
93001,539,"Ventura","CA","Ventura County","26002",0.1,0.3,0.36,0.24
93003,176,"Ventura","CA","Ventura County","44177",0.21,0.36,0.34,0.09
93004,542,"Ventura","CA","Ventura County","25905",0.25,0.22,0.45,0.08
93010,246,"Camarillo","CA","Ventura County","39308",0.27,0.31,0.23,0.19
93012,413,"Camarillo","CA","Ventura County","30646",0.1,0.44,0.28,0.18
93021,329,"Moorpark","CA","Ventura County","35120",0.13,0.38,0.41,0.08
93030,86,"Oxnard","CA","Ventura County","53101",0.22,0.33,0.37,0.08
93033,14,"Oxnard","CA","Ventura County","77549",0.21,0.3,0.31,0.18
93036,395,"Oxnard","CA","Ventura County","31394",0.14,0.51,0.23,0.12
93060,453,"Santa Paula","CA","Ventura County","29361",0.17,0.31,0.35,0.17
93063,100,"Simi Valley","CA","Ventura County","51726",0.23,0.41,0.29,0.07
93065,28,"Simi Valley","CA","Ventura County","67782",0.29,0.27,0.3,0.14
93117,435,"Goleta","CA","Santa Barbara County","30073",0.06,0.33,0.34,0.27
93215,333,"Delano","CA","Kern County","34874",0.12,0.32,0.47,0.09
93230,94,"Hanford","CA","Kings County","52413",0.17,0.21,0.39,0.23
93245,419,"Lemoore","CA","Kings County","30542",0.16,0.39,0.31,0.14
93257,72,"Porterville","CA","Tulare County","55076",0.21,0.33,0.34,0.12
93274,92,"Tulare","CA","Tulare County","52570",0.22,0.35,0.28,0.15
93277,211,"Visalia","CA","Tulare County","41450",0.15,0.33,0.43,0.09
93291,307,"Visalia","CA","Tulare County","36299",0.17,0.37,0.41,0.05
93292,424,"Visalia","CA","Tulare County","30378",0.05,0.37,0.31,0.27
93304,284,"Bakersfield","CA","Kern County","37549",0.29,0.37,0.22,0.12
93305,543,"Bakersfield","CA","Kern County","25884",0.06,0.4,0.35,0.19
93306,120,"Bakersfield","CA","Kern County","49794",0.23,0.42,0.2,0.15
93307,62,"Bakersfield","CA","Kern County","57592",0.14,0.32,0.4,0.14
93308,242,"Bakersfield","CA","Kern County","39560",0.17,0.31,0.35,0.17
93309,129,"Bakersfield","CA","Kern County","48978",0.24,0.4,0.29,0.07
93311,399,"Bakersfield","CA","Kern County","31100",0.08,0.38,0.28,0.26
93312,131,"Bakersfield","CA","Kern County","48913",0.09,0.58,0.25,0.08
93313,360,"Bakersfield","CA","Kern County","33196",0.11,0.32,0.32,0.25
93420,581,"Arroyo Grande","CA","San Luis Obispo County","24538",0.09,0.44,0.28,0.19
93422,578,"Atascadero","CA","San Luis Obispo County","24558",0.16,0.41,0.38,0.05
93436,191,"Lompoc","CA","Santa Barbara County","43076",0.18,0.46,0.3,0.06
93446,302,"Paso Robles","CA","San Luis Obispo County","36481",0.18,0.26,0.54,0.02
93454,461,"Santa Maria","CA","Santa Barbara County","29141",0.11,0.44,0.35,0.1
93455,267,"Santa Maria","CA","Santa Barbara County","38367",0.26,0.28,0.23,0.23
93458,198,"Santa Maria","CA","Santa Barbara County","42507",0.24,0.33,0.37,0.06
93534,407,"Lancaster","CA","Los Angeles County","30946",0.15,0.3,0.31,0.24
93535,67,"Lancaster","CA","Los Angeles County","56335",0.23,0.27,0.27,0.23
93536,80,"Lancaster","CA","Los Angeles County","54292",0.17,0.33,0.26,0.24
93550,38,"Palmdale","CA","Los Angeles County","62601",0.19,0.32,0.33,0.16
93551,154,"Palmdale","CA","Los Angeles County","46609",0.15,0.42,0.38,0.05
93552,434,"Palmdale","CA","Los Angeles County","30075",0.06,0.4,0.37,0.17
93555,508,"Ridgecrest","CA","Kern County","27379",0.11,0.49,0.24,0.16
93611,186,"Clovis","CA","Fresno County","43340",0.15,0.34,0.3,0.21
93612,484,"Clovis","CA","Fresno County","27974",0.11,0.3,0.41,0.18
93635,331,"Los Banos","CA","Merced County","35005",0.14,0.46,0.42,-0.02
93637,448,"Madera","CA","Madera County","29659",0.05,0.34,0.24,0.37
93638,225,"Madera","CA","Madera County","40435",0.12,0.35,0.33,0.2
93654,547,"Reedley","CA","Fresno County","25763",0.16,0.36,0.4,0.08
93657,456,"Sanger","CA","Fresno County","29289",0.06,0.3,0.36,0.28
93662,526,"Selma","CA","Fresno County","26710",0.05,0.45,0.35,0.15
93702,320,"Fresno","CA","Fresno County","35403",0.35,0.31,0.27,0.07
93703,579,"Fresno","CA","Fresno County","24555",0.16,0.45,0.32,0.07
93705,473,"Fresno","CA","Fresno County","28526",0.11,0.4,0.41,0.08
93706,520,"Fresno","CA","Fresno County","27098",0.07,0.39,0.23,0.31
93711,342,"Fresno","CA","Fresno County","34124",0.08,0.42,0.27,0.23
93720,160,"Fresno","CA","Fresno County","45846",0.18,0.29,0.37,0.16
93722,37,"Fresno","CA","Fresno County","63218",0.29,0.28,0.27,0.16
93726,400,"Fresno","CA","Fresno County","31083",0.15,0.36,0.37,0.12
93727,117,"Fresno","CA","Fresno County","50111",0.16,0.33,0.35,0.16
93905,58,"Salinas","CA","Monterey County","58405",0.16,0.32,0.29,0.23
93906,102,"Salinas","CA","Monterey County","51688",0.28,0.32,0.32,0.08
93940,580,"Monterey","CA","Monterey County","24549",0.09,0.47,0.34,0.1
93955,499,"Seaside","CA","Monterey County","27659",0.18,0.33,0.38,0.11
94002,584,"Belmont","CA","San Mateo County","24442",0.1,0.48,0.35,0.07
94010,262,"Burlingame","CA","San Mateo County","38812",0.12,0.27,0.41,0.2
94014,221,"Daly City","CA","San Mateo County","40766",0.16,0.26,0.52,0.06
94015,75,"Daly City","CA","San Mateo County","54895",0.24,0.31,0.32,0.13
94025,319,"Menlo Park","CA","San Mateo County","35491",0.11,0.33,0.27,0.29
94040,466,"Mountain View","CA","Santa Clara County","28900",0.07,0.42,0.35,0.16
94043,562,"Mountain View","CA","Santa Clara County","25171",0.15,0.4,0.4,0.05
94044,318,"Pacifica","CA","San Mateo County","35681",0.18,0.42,0.21,0.19
94061,414,"Redwood City","CA","San Mateo County","30641",0.14,0.31,0.28,0.27
94062,574,"Redwood City","CA","San Mateo County","24763",0.16,0.45,0.3,0.09
94063,564,"Redwood City","CA","San Mateo County","25041",0.09,0.39,0.44,0.08
94066,272,"San Bruno","CA","San Mateo County","38112",0.14,0.31,0.29,0.26
94070,463,"San Carlos","CA","San Mateo County","29058",0.06,0.29,0.33,0.32
94080,59,"South San Francisco","CA","San Mateo County","58023",0.19,0.37,0.24,0.2
94086,241,"Sunnyvale","CA","Santa Clara County","39606",0.15,0.24,0.54,0.07
94087,115,"Sunnyvale","CA","Santa Clara County","50288",0.19,0.44,0.23,0.14
94109,254,"San Francisco","CA","San Francisco County","39127",0.23,0.35,0.29,0.13
94110,79,"San Francisco","CA","San Francisco County","54501",0.21,0.35,0.36,0.08
94112,25,"San Francisco","CA","San Francisco County","69192",0.13,0.34,0.37,0.16
94114,533,"San Francisco","CA","San Francisco County","26272",0.16,0.42,0.33,0.09
94115,588,"San Francisco","CA","San Francisco County","24285",0.09,0.42,0.32,0.17
94116,226,"San Francisco","CA","San Francisco County","40433",0.25,0.36,0.23,0.16
94117,511,"San Francisco","CA","San Francisco County","27319",0.09,0.32,0.43,0.16
94118,388,"San Francisco","CA","San Francisco County","31768",0.09,0.36,0.42,0.13
94121,296,"San Francisco","CA","San Francisco County","36883",0.19,0.45,0.27,0.09
94122,125,"San Francisco","CA","San Francisco County","49277",0.18,0.47,0.11,0.24
94124,532,"San Francisco","CA","San Francisco County","26313",0.05,0.37,0.23,0.35
94134,315,"San Francisco","CA","San Francisco County","35875",0.15,0.35,0.43,0.07
94303,239,"Palo Alto","CA","Santa Clara County","39638",0.17,0.34,0.32,0.17
94306,582,"Palo Alto","CA","Santa Clara County","24535",0.16,0.33,0.33,0.18
94401,517,"San Mateo","CA","San Mateo County","27144",0.17,0.47,0.23,0.13
94403,311,"San Mateo","CA","San Mateo County","36042",0.11,0.31,0.47,0.11
94404,375,"San Mateo","CA","San Mateo County","32417",0.07,0.5,0.26,0.17
94501,110,"Alameda","CA","Alameda County","50950",0.14,0.49,0.31,0.06
94509,69,"Antioch","CA","Contra Costa County","55659",0.23,0.22,0.32,0.23
94510,528,"Benicia","CA","Solano County","26571",0.1,0.34,0.41,0.15
94513,138,"Brentwood","CA","Contra Costa County","47487",0.24,0.38,0.32,0.06
94518,594,"Concord","CA","Contra Costa County","24057",0.06,0.37,0.41,0.16
94520,464,"Concord","CA","Contra Costa County","28941",0.15,0.39,0.34,0.12
94521,244,"Concord","CA","Contra Costa County","39355",0.22,0.34,0.28,0.16
94523,429,"Pleasant Hill","CA","Contra Costa County","30233",0.15,0.3,0.34,0.21
94526,367,"Danville","CA","Contra Costa County","32942",0.17,0.23,0.5,0.1
94531,266,"Antioch","CA","Contra Costa County","38379",0.24,0.4,0.25,0.11
94533,42,"Fairfield","CA","Solano County","61596",0.25,0.3,0.26,0.19
94534,352,"Fairfield","CA","Solano County","33707",0.05,0.33,0.41,0.21
94536,41,"Fremont","CA","Alameda County","61805",0.4,0.27,0.27,0.06
94538,89,"Fremont","CA","Alameda County","52856",0.13,0.44,0.36,0.07
94539,103,"Fremont","CA","Alameda County","51664",0.3,0.2,0.28,0.22
94541,121,"Hayward","CA","Alameda County","49735",0.19,0.43,0.25,0.13
94544,33,"Hayward","CA","Alameda County","65008",0.21,0.37,0.35,0.07
94545,486,"Hayward","CA","Alameda County","27927",0.13,0.35,0.26,0.26
94546,265,"Castro Valley","CA","Alameda County","38489",0.23,0.47,0.23,0.07
94549,477,"Lafayette","CA","Contra Costa County","28299",0.08,0.45,0.4,0.07
94550,159,"Livermore","CA","Alameda County","46035",0.24,0.37,0.27,0.12
94551,312,"Livermore","CA","Alameda County","36011",0.18,0.33,0.35,0.14
94553,200,"Martinez","CA","Contra Costa County","42245",0.22,0.35,0.21,0.22
94555,376,"Fremont","CA","Alameda County","32297",0.11,0.41,0.43,0.05
94558,40,"Napa","CA","Napa County","61833",0.17,0.39,0.34,0.1
94560,215,"Newark","CA","Alameda County","41261",0.16,0.35,0.38,0.11
94561,451,"Oakley","CA","Contra Costa County","29435",0.09,0.23,0.38,0.3
94565,18,"Pittsburg","CA","Contra Costa County","74517",0.21,0.3,0.3,0.19
94566,202,"Pleasanton","CA","Alameda County","42158",0.24,0.34,0.27,0.15
94568,339,"Dublin","CA","Alameda County","34456",0.1,0.39,0.26,0.25
94577,212,"San Leandro","CA","Alameda County","41391",0.21,0.39,0.23,0.17
94578,397,"San Leandro","CA","Alameda County","31258",0.09,0.41,0.25,0.25
94580,550,"San Lorenzo","CA","Alameda County","25569",0.07,0.41,0.4,0.12
94582,566,"San Ramon","CA","Contra Costa County","24952",0.15,0.37,0.22,0.26
94583,190,"San Ramon","CA","Contra Costa County","43144",0.26,0.39,0.14,0.21
94585,507,"Suisun City","CA","Solano County","27447",0.08,0.44,0.32,0.16
94587,32,"Union City","CA","Alameda County","65015",0.19,0.42,0.19,0.2
94588,394,"Pleasanton","CA","Alameda County","31400",0.15,0.38,0.33,0.14
94589,493,"Vallejo","CA","Solano County","27752",0.05,0.48,0.23,0.24
94590,433,"Vallejo","CA","Solano County","30107",0.07,0.35,0.34,0.24
94591,119,"Vallejo","CA","Solano County","50009",0.23,0.36,0.21,0.2
94598,523,"Walnut Creek","CA","Contra Costa County","26916",0.11,0.28,0.28,0.33
94601,224,"Oakland","CA","Alameda County","40560",0.19,0.38,0.45,-0.02
94602,573,"Oakland","CA","Alameda County","24772",0.05,0.31,0.33,0.31
94603,537,"Oakland","CA","Alameda County","26193",0.14,0.36,0.22,0.28
94605,374,"Oakland","CA","Alameda County","32444",0.06,0.3,0.41,0.23
94606,460,"Oakland","CA","Alameda County","29161",0.08,0.4,0.36,0.16
94610,553,"Oakland","CA","Alameda County","25467",0.09,0.43,0.28,0.2
94611,338,"Oakland","CA","Alameda County","34630",0.15,0.3,0.28,0.27
94804,421,"Richmond","CA","Contra Costa County","30446",0.07,0.5,0.44,-0.01
94806,116,"San Pablo","CA","Contra Costa County","50231",0.14,0.43,0.35,0.08
94901,297,"San Rafael","CA","Marin County","36878",0.22,0.38,0.27,0.13
94903,534,"San Rafael","CA","Marin County","26243",0.08,0.4,0.29,0.23
94928,334,"Rohnert Park","CA","Sonoma County","34823",0.05,0.41,0.3,0.24
94941,489,"Mill Valley","CA","Marin County","27875",0.05,0.34,0.39,0.22
94952,478,"Petaluma","CA","Sonoma County","28251",0.05,0.42,0.44,0.09
94954,327,"Petaluma","CA","Sonoma County","35134",0.16,0.39,0.33,0.12
95008,247,"Campbell","CA","Santa Clara County","39269",0.22,0.3,0.27,0.21
95014,60,"Cupertino","CA","Santa Clara County","57835",0.26,0.39,0.29,0.06
95020,135,"Gilroy","CA","Santa Clara County","48009",0.17,0.36,0.41,0.06
95023,178,"Hollister","CA","San Benito County","43971",0.11,0.38,0.33,0.18
95032,599,"Los Gatos","CA","Santa Clara County","23822",0.14,0.45,0.31,0.1
95035,55,"Milpitas","CA","Santa Clara County","58980",0.3,0.27,0.26,0.17
95037,235,"Morgan Hill","CA","Santa Clara County","39932",0.3,0.31,0.16,0.23
95050,467,"Santa Clara","CA","Santa Clara County","28850",0.13,0.47,0.31,0.09
95051,126,"Santa Clara","CA","Santa Clara County","49177",0.19,0.24,0.34,0.23
95060,368,"Santa Cruz","CA","Santa Cruz County","32794",0.08,0.34,0.38,0.2
95062,470,"Santa Cruz","CA","Santa Cruz County","28766",0.06,0.26,0.35,0.33
95070,348,"Saratoga","CA","Santa Clara County","33872",0.07,0.33,0.3,0.3
95076,19,"Watsonville","CA","Santa Cruz County","73953",0.25,0.35,0.29,0.11
95111,96,"San Jose","CA","Santa Clara County","52097",0.2,0.42,0.26,0.12
95112,317,"San Jose","CA","Santa Clara County","35732",0.05,0.41,0.25,0.29
95116,213,"San Jose","CA","Santa Clara County","41355",0.14,0.43,0.35,0.08
95117,590,"San Jose","CA","Santa Clara County","24208",0.14,0.49,0.3,0.07
95118,468,"San Jose","CA","Santa Clara County","28806",0.15,0.33,0.32,0.2
95120,252,"San Jose","CA","Santa Clara County","39164",0.25,0.41,0.17,0.17
95121,314,"San Jose","CA","Santa Clara County","35884",0.06,0.33,0.34,0.27
95122,108,"San Jose","CA","Santa Clara County","51266",0.11,0.48,0.23,0.18
95123,61,"San Jose","CA","Santa Clara County","57815",0.24,0.32,0.24,0.2
95124,194,"San Jose","CA","Santa Clara County","42803",0.13,0.41,0.4,0.06
95125,185,"San Jose","CA","Santa Clara County","43445",0.15,0.33,0.36,0.16
95127,70,"San Jose","CA","Santa Clara County","55355",0.28,0.16,0.33,0.23
95128,521,"San Jose","CA","Santa Clara County","27078",0.16,0.31,0.39,0.14
95129,288,"San Jose","CA","Santa Clara County","37267",0.21,0.35,0.31,0.13
95131,540,"San Jose","CA","Santa Clara County","25993",0.12,0.31,0.32,0.25
95132,257,"San Jose","CA","Santa Clara County","39003",0.29,0.35,0.13,0.23
95136,271,"San Jose","CA","Santa Clara County","38193",0.25,0.27,0.42,0.06
95148,175,"San Jose","CA","Santa Clara County","44357",0.29,0.43,0.22,0.06
95205,409,"Stockton","CA","San Joaquin County","30904",0.05,0.34,0.44,0.17
95206,63,"Stockton","CA","San Joaquin County","56882",0.29,0.36,0.27,0.08
95207,280,"Stockton","CA","San Joaquin County","37980",0.25,0.42,0.15,0.18
95209,330,"Stockton","CA","San Joaquin County","35065",0.1,0.4,0.39,0.11
95210,362,"Stockton","CA","San Joaquin County","33114",0.05,0.35,0.37,0.23
95219,586,"Stockton","CA","San Joaquin County","24326",0.07,0.37,0.35,0.21
95240,299,"Lodi","CA","San Joaquin County","36766",0.09,0.34,0.35,0.22
95242,596,"Lodi","CA","San Joaquin County","23982",0.1,0.44,0.46,0
95301,496,"Atwater","CA","Merced County","27725",0.25,0.36,0.28,0.11
95307,303,"Ceres","CA","Stanislaus County","36475",0.12,0.32,0.45,0.11
95336,261,"Manteca","CA","San Joaquin County","38825",0.19,0.37,0.33,0.11
95337,552,"Manteca","CA","San Joaquin County","25476",0.06,0.4,0.25,0.29
95340,104,"Merced","CA","Merced County","51634",0.25,0.33,0.19,0.23
95350,197,"Modesto","CA","Stanislaus County","42596",0.21,0.32,0.26,0.21
95351,298,"Modesto","CA","Stanislaus County","36778",0.2,0.31,0.32,0.17
95355,130,"Modesto","CA","Stanislaus County","48934",0.16,0.31,0.37,0.16
95356,462,"Modesto","CA","Stanislaus County","29093",0.14,0.42,0.26,0.18
95358,474,"Modesto","CA","Stanislaus County","28403",0.17,0.32,0.21,0.3
95361,504,"Oakdale","CA","Stanislaus County","27534",0.18,0.35,0.31,0.16
95376,147,"Tracy","CA","San Joaquin County","46874",0.15,0.47,0.3,0.08
95377,498,"Tracy","CA","San Joaquin County","27701",0.16,0.38,0.38,0.08
95380,340,"Turlock","CA","Stanislaus County","34283",0.19,0.34,0.22,0.25
95382,445,"Turlock","CA","Stanislaus County","29775",0.14,0.46,0.27,0.13
95401,427,"Santa Rosa","CA","Sonoma County","30280",0.15,0.25,0.42,0.18
95403,306,"Santa Rosa","CA","Sonoma County","36302",0.15,0.42,0.35,0.08
95404,371,"Santa Rosa","CA","Sonoma County","32608",0.09,0.24,0.51,0.16
95407,396,"Santa Rosa","CA","Sonoma County","31370",0.11,0.39,0.41,0.09
95472,591,"Sebastopol","CA","Sonoma County","24182",0.1,0.34,0.29,0.27
95476,509,"Sonoma","CA","Sonoma County","27352",0.17,0.43,0.32,0.08
95482,561,"Ukiah","CA","Mendocino County","25177",0.27,0.38,0.25,0.1
95492,505,"Windsor","CA","Sonoma County","27487",0.18,0.26,0.21,0.35
95608,113,"Carmichael","CA","Sacramento County","50575",0.12,0.51,0.26,0.11
95610,293,"Citrus Heights","CA","Sacramento County","36975",0.16,0.29,0.29,0.26
95616,255,"Davis","CA","Yolo County","39092",0.26,0.33,0.23,0.18
95621,301,"Citrus Heights","CA","Sacramento County","36576",0.11,0.42,0.19,0.28
95624,68,"Elk Grove","CA","Sacramento County","55670",0.26,0.35,0.26,0.13
95628,258,"Fair Oaks","CA","Sacramento County","38978",0.24,0.45,0.12,0.19
95630,56,"Folsom","CA","Sacramento County","58478",0.22,0.42,0.24,0.12
95632,514,"Galt","CA","Sacramento County","27248",0.14,0.3,0.38,0.18
95648,274,"Lincoln","CA","Placer County","38096",0.1,0.4,0.3,0.2
95660,501,"North Highlands","CA","Sacramento County","27616",0.25,0.31,0.31,0.13
95661,506,"Roseville","CA","Placer County","27487",0.18,0.34,0.33,0.15
95662,437,"Orangevale","CA","Sacramento County","30006",0.08,0.42,0.36,0.14
95667,393,"Placerville","CA","El Dorado County","31496",0.14,0.48,0.21,0.17
95670,164,"Rancho Cordova","CA","Sacramento County","45575",0.16,0.46,0.32,0.06
95678,305,"Roseville","CA","Placer County","36338",0.07,0.4,0.27,0.26
95682,492,"Shingle Springs","CA","El Dorado County","27764",0.16,0.46,0.3,0.08
95687,90,"Vacaville","CA","Solano County","52759",0.3,0.25,0.22,0.23
95688,390,"Vacaville","CA","Solano County","31580",0.16,0.22,0.34,0.28
95691,497,"West Sacramento","CA","Yolo County","27722",0.1,0.45,0.3,0.15
95695,365,"Woodland","CA","Yolo County","33000",0.14,0.37,0.38,0.11
95747,210,"Roseville","CA","Placer County","41524",0.19,0.42,0.26,0.13
95757,459,"Elk Grove","CA","Sacramento County","29166",0.11,0.38,0.29,0.22
95758,73,"Elk Grove","CA","Sacramento County","55069",0.18,0.29,0.37,0.16
95762,294,"El Dorado Hills","CA","El Dorado County","36970",0.19,0.33,0.28,0.2
95765,483,"Rocklin","CA","Placer County","28024",0.08,0.44,0.37,0.11
95820,465,"Sacramento","CA","Sacramento County","28907",0.12,0.29,0.32,0.27
95821,485,"Sacramento","CA","Sacramento County","27968",0.1,0.37,0.41,0.12
95822,275,"Sacramento","CA","Sacramento County","38075",0.19,0.29,0.36,0.16
95823,44,"Sacramento","CA","Sacramento County","61300",0.22,0.3,0.39,0.09
95824,570,"Sacramento","CA","Sacramento County","24879",0.13,0.41,0.37,0.09
95826,415,"Sacramento","CA","Sacramento County","30641",0.05,0.34,0.43,0.18
95828,114,"Sacramento","CA","Sacramento County","50500",0.22,0.37,0.22,0.19
95831,269,"Sacramento","CA","Sacramento County","38266",0.25,0.29,0.25,0.21
95833,412,"Sacramento","CA","Sacramento County","30647",0.07,0.48,0.33,0.12
95835,503,"Sacramento","CA","Sacramento County","27597",0.08,0.42,0.36,0.14
95838,444,"Sacramento","CA","Sacramento County","29787",0.06,0.4,0.44,0.1
95842,527,"Sacramento","CA","Sacramento County","26577",0.05,0.32,0.37,0.26
95843,222,"Antelope","CA","Sacramento County","40608",0.29,0.43,0.07,0.21
95901,336,"Marysville","CA","Yuba County","34658",0.06,0.3,0.34,0.3
95926,571,"Chico","CA","Butte County","24866",0.14,0.4,0.41,0.05
95928,587,"Chico","CA","Butte County","24301",0.08,0.42,0.37,0.13
95973,538,"Chico","CA","Butte County","26104",0.07,0.31,0.4,0.22
95991,369,"Yuba City","CA","Sutter County","32772",0.06,0.35,0.25,0.34
95993,391,"Yuba City","CA","Sutter County","31544",0.06,0.45,0.3,0.19
96001,531,"Redding","CA","Shasta County","26431",0.06,0.36,0.42,0.16
96002,529,"Redding","CA","Shasta County","26531",0.17,0.34,0.31,0.18
96003,351,"Redding","CA","Shasta County","33782",0.09,0.27,0.39,0.25
96080,598,"Red Bluff","CA","Tehama County","23837",0.08,0.34,0.41,0.17
